StationCode,SampleDate,Lat,Long
NZEZ2,1/21/04,38.0505,-121.8845
NZEZ6,1/21/04,38.0542,-121.9473
NZEZ2,2/19/04,38.0463,-121.9183
NZEZ6,2/19/04,38.0612,-122.0185
NZEZ2,3/17/04,38.0599,-121.99
NZEZ6,3/17/04,38.062,-122.0203
NZEZ2,4/15/04,38.0597,-121.9882
NZEZ2,5/13/04,38.0522,-121.8787
NZEZ6,5/13/04,38.0577,-121.8777
NZEZ2,6/9/04,38.0845,-121.7391
NZEZ6,6/9/04,38.0605,-121.8657
NZEZ2,7/8/04,38.0747,-121.7697
NZEZ6,7/8/04,38.0625,-121.8205
NZEZ2,8/24/04,38.0723,-121.773
NZEZ6,8/24/04,38.0593,-121.867
NZEZ2,9/23/04,38.0845,-121.7391
NZEZ6,9/23/04,38.0625,-121.8205
NZEZ2,10/21/04,38.1067,-121.7163
NZEZ6,10/21/04,38.0658,-121.7862
NZEZ2,11/22/04,38.0688,-121.7815
NZEZ6,11/22/04,38.0628,-121.7917
NZEZ2,12/21/04,38.0845,-121.7391
NZEZ6,12/21/04,,
NZEZ2,1/20/05,38.0555,-121.8743
NZEZ6,1/20/05,38.0463,-121.9183
NZEZ2,2/17/05,38.0638,-121.8535
NZEZ6,2/17/05,38.0466,-121.903
NZEZ2,3/22/05,38.0463,-121.9183
NZEZ6,3/22/05,38.0599,-121.99
NZEZ2,4/19/05,38.0535,-121.9477
NZEZ6,4/19/05,38.0599,-121.99
NZEZ2,5/19/05,38.0631,-122.0264
NZEZ6,5/19/05,38.0655,-122.0537
NZEZ2,6/16/05,38.0582,-121.9668
NZEZ6,6/16/05,38.063,-122.0215
NZEZ2,7/14/05,38.0495,-121.888
NZEZ6,7/14/05,38.0512,-121.9373
NZEZ2,8/11/05,38.0602,-121.7939
NZEZ6,8/11/05,38.0463,-121.9183
NZEZ2,9/26/05,38.0633,-121.7937
NZEZ6,9/26/05,38.0562,-121.874
NZEZ2,10/25/05,38.0977,-121.7282
NZEZ6,10/25/05,38.0628,-121.7918
NZEZ2,11/22/05,38.0995,-121.728
NZEZ6,11/22/05,38.0643,-121.7912
NZEZ2,12/22/05,38.0605,-121.8092
NZEZ6,12/22/05,38.064,-121.8453
NZEZ2,1/24/06,38.0587,-121.9728
NZEZ6,1/24/06,38.0597,-121.9982
NZEZ2,2/22/06,38.0475,-121.89
NZEZ6,2/22/06,38.0463,-121.9183
NZEZ2,3/23/06,38.0662,-122.0447
NZEZ6,3/23/06,38.0633,-122.0638
NZEZ2,4/25/06,38.0375,-122.1738
NZEZ6,4/25/06,38.0543,-122.1942
NZEZ2,5/22/06,38.0602,-122.0682
NZEZ6,5/22/06,38.0507,-122.0927
NZEZ2,6/26/06,38.0638,-122.03
NZEZ6,6/26/06,38.0532,-122.0825
NZEZ6,7/18/06,38.0557,-121.9542
NZEZ2,7/19/06,38.0575,-121.8708
NZEZ2,8/16/06,38.0625,-121.8205
NZEZ6,8/16/06,38.0593,-121.9595
NZEZ2,9/14/06,38.0618,-121.7985
NZEZ6,9/14/06,38.0517,-121.8813
NZEZ2,10/16/06,38.0727,-121.767
NZEZ6,10/16/06,38.0625,-121.8205
NZEZ2,11/14/06,38.106,-121.717
NZEZ6,11/14/06,38.0712,-121.7758
NZEZ2,12/12/06,38.1032,-121.7232
NZEZ6,12/12/06,38.0657,-121.788
NZEZ2,1/16/07,38.0845,-121.7391
NZEZ6,1/16/07,38.0595,-121.8027
NZEZ2,2/14/07,38.0497,-121.8843
NZEZ6,2/14/07,38.0525,-121.9427
NZEZ2,3/13/07,38.0625,-121.8205
NZEZ6,3/13/07,38.0505,-121.8827
NZEZ2,4/12/07,38.0566,-121.8713
NZEZ6,4/12/07,38.0558,-121.9515
NZEZ2,5/10/07,38.0625,-121.8205
NZEZ6,5/10/07,38.0458,-121.8995
NZEZ2,6/11/07,38.0645,-121.8342
NZEZ6,6/11/07,38.0463,-121.9183
NZEZ2,7/20/07,38.0655,-121.7868
NZEZ6,7/20/07,38.061,-121.8658
NZEZ2,8/20/07,38.0662,-121.7855
NZEZ6,8/20/07,38.06,-121.8645
NZEZ2,9/19/07,38.0763,-121.7675
NZEZ6,9/19/07,38.0625,-121.8205
NZEZ2,10/17/07,38.0922,-121.7357
NZEZ6,10/17/07,38.0607,-121.7988
NZEZ2,11/15/07,38.0933,-121.7368
NZEZ6,11/15/07,38.0598,-121.8002
NZEZ2,12/17/07,38.0913,-121.7393
NZEZ6,12/17/07,38.0788,-121.7648
NZEZ2,1/16/08,38.0518,-121.8807
NZEZ6,1/16/08,38.049,-121.936
NZEZ2,2/15/08,38.049,-121.9153
NZEZ6,2/15/08,38.0537,-121.9413
NZEZ2,3/14/08,38.0548,-121.8723
NZEZ6,3/14/08,38.0505,-121.9367
NZEZ2,4/14/08,38.0603,-121.8
NZEZ6,4/14/08,38.06,-121.8645
NZEZ2,5/12/08,38.0584,-121.8051
NZEZ6,5/12/08,38.0523,-121.8762
NZEZ2,6/11/08,38.0612,-121.8128
NZEZ6,6/11/08,38.0473,-121.8982
NZEZ2,7/9/08,38.0825,-121.7535
NZEZ6,7/9/08,38.0625,-121.8205
NZEZ2,8/11/08,38.0972,-121.7293
NZEZ6,8/11/08,38.0625,-121.7935
NZEZ2,9/5/08,38.0995,-121.7293
NZEZ6,9/5/08,38.07,-121.7792
NZEZ2,10/6/08,38.0972,-121.7318
NZEZ6,10/6/08,38.0648,-121.7893
NZEZ2,11/19/08,38.1197,-121.7018
NZEZ6,11/19/08,38.0845,-121.7391
NZEZ2,12/5/08,38.1168,-121.7037
NZEZ6,12/5/08,38.0803,-121.7612
NZEZ2,1/16/09,38.0985,-121.7302
NZEZ6,1/16/09,38.0767,-121.7683
NZEZ2,2/19/09,38.065,-121.8375
NZEZ6,2/19/09,38.0597,-121.867
NZEZ2,3/20/09,38.0502,-121.8807
NZEZ6,3/20/09,38.0463,-121.9183
NZEZ2,4/17/09,38.0463,-121.9183
NZEZ6,4/17/09,38.055,-121.9472
NZEZ2,5/18/09,38.0517,-121.877
NZEZ6,5/18/09,38.0463,-121.9183
NZEZ2,6/17/09,38.061,-121.865
NZEZ6,6/17/09,38.0593,-121.958
NZEZ2,7/15/09,38.061,-121.7992
NZEZ6,7/15/09,38.0512,-121.8783
NZEZ2,8/14/09,38.071,-121.7775
NZEZ6,8/14/09,38.0625,-121.8205
NZEZ2,9/11/09,38.0845,-121.7391
NZEZ6,9/11/09,38.0608,-121.815
NZEZ2,10/9/09,38.1002,-121.7257
NZEZ6,10/9/09,38.0672,-121.785
NZEZ2,11/6/09,38.0942,-121.7357
NZEZ6,11/6/09,38.0602,-121.8032
NZEZ2,12/10/09,38.1257,-121.6968
NZEZ6,12/10/09,38.0845,-121.7391
NZEZ2,1/8/10,38.088,-121.7432
NZEZ6,1/8/10,38.073,-121.7762
NZEZ2,2/10/10,38.0697,-121.9908
NZEZ2,3/10/10,38.0599,-121.99
NZEZ6,3/10/10,38.0642,-122.0233
NZEZ2,4/7/10,38.0485,-121.8882
NZEZ6,4/7/10,38.0562,-121.9582
NZEZ2,5/7/10,38.059,-121.967
NZEZ6,5/7/10,38.0599,-121.99
NZEZ2,6/4/10,38.0588,-121.9673
NZEZ6,6/4/10,38.0599,-121.99
NZEZ2,7/6/10,38.0625,-121.8205
NZEZ6,7/6/10,38.0463,-121.9183
NZEZ2,8/4/10,38.0625,-121.8205
NZEZ6,8/4/10,38.0463,-121.9183
NZEZ2,9/15/10,38.0783,-121.7633
NZEZ6,9/15/10,38.0622,-121.8233
NZEZ2,10/14/10,38.0845,-121.7391
NZEZ6,10/14/10,38.064,-121.7913
NZEZ2,11/15/10,38.1017,-121.7225
NZEZ6,11/15/10,38.0678,-121.7822
NZEZ2,12/15/10,38.0608,-121.814
NZEZ6,12/15/10,38.0643,-121.8428
NZEZ2,1/14/11,38.0533,-121.8743
NZEZ6,1/14/11,38.0463,-121.9183
NZEZ2,2/14/11,38.0668,-121.7902
NZEZ6,2/14/11,38.0642,-121.8227
NZEZ2,3/14/11,38.0532,-121.9465
NZEZ6,3/14/11,38.0588,-121.9707
NZEZ2,4/14/11,38.041,-122.115
NZEZ6,4/14/11,38.0444,-122.1177
NZEZ2,5/16/11,38.0595,-122.0702
NZEZ6,5/16/11,38.0358,-122.1616
NZEZ2,6/8/11,38.064,-122.0317
NZEZ6,6/8/11,38.0652,-122.0558
NZEZ2,7/8/11,38.066,-122.0432
NZEZ6,7/8/11,38.0632,-122.0617
NZEZ2,8/23/11,38.0623,-121.861
NZEZ6,8/23/11,38.0573,-121.9768
NZEZ2,9/21/11,38.0625,-121.8205
NZEZ6,9/21/11,38.0511,-121.8819
NZEZ2,10/19/11,38.0549,-121.8742
NZEZ6,10/19/11,38.0533,-121.9453
NZEZ2,11/18/11,38.0845,-121.7391
NZEZ6,11/18/11,38.0625,-121.8205
NZEZ2,12/19/11,38.0845,-121.7391
NZEZ6,12/19/11,38.0645,-121.791
NZEZ2,1/19/12,38.1032,-121.7232
NZEZ6,1/19/12,38.0825,-121.7574
NZEZ2,2/15/12,38.0603,-121.8048
NZEZ6,2/15/12,38.0463,-121.9183
NZEZ2,3/16/12,38.0678,-121.7833
NZEZ6,3/16/12,38.0625,-121.8205
NZEZ2,4/13/12,38.0519,-121.9357
NZEZ6,4/13/12,38.0599,-121.99
NZEZ2,5/14/12,38.0579,-121.9629
NZEZ6,5/14/12,38.061,-122.0105
NZEZ2,6/13/12,38.0669,-121.7842
NZEZ6,6/13/12,38.057,-121.8702
NZEZ2,7/11/12,38.0625,-121.8205
NZEZ6,7/11/12,38.0463,-121.9183
NZEZ2,8/9/12,38.0625,-121.8205
NZEZ6,8/9/12,38.0463,-121.9183
NZEZ2,9/7/12,38.0752,-121.769
NZEZ6,9/7/12,38.0625,-121.8226
NZEZ2,10/8/12,38.0845,-121.7391
NZEZ6,10/8/12,38.0625,-121.8205
NZEZ2,11/7/12,38.1179,-121.7027
NZEZ6,11/7/12,38.0845,-121.7391
NZEZ2,12/10/12,38.0599,-121.99
NZEZ6,12/10/12,38.0588,-121.9995
NZEZ2,1/22/13,38.0622,-121.8146
NZEZ6,1/22/13,38.064,-121.8581
NZEZ2,2/21/13,38.0633,-121.8613
NZEZ6,2/21/13,38.0458,-121.9064
NZEZ2,3/22/13,38.0612,-121.8191
NZEZ6,3/22/13,38.0549,-121.875
NZEZ2,4/22/13,38.0659,-121.7794
NZEZ6,4/22/13,38.0623,-121.8608
NZEZ2,5/20/13,38.0642,-121.8302
NZEZ6,5/20/13,38.0465,-121.9107
NZEZ2,6/18/13,38.0605,-121.8059
NZEZ6,6/18/13,38.0458,-121.9064
NZEZ2,7/17/13,38.0643,-121.7913
NZEZ6,7/17/13,38.0625,-121.8562
NZEZ2,8/14/13,38.0688,-121.7802
NZEZ6,8/14/13,38.0634,-121.8516
NZEZ2,9/25/13,38.0807,-121.7607
NZEZ6,9/25/13,38.0649,-121.8361
NZEZ2,10/11/13,38.0998,-121.7283
NZEZ6,10/11/13,38.0731,-121.774
NZEZ2,11/12/13,38.1192,-121.7017
NZEZ6,11/12/13,38.0862,-121.7469
NZEZ2,12/11/13,38.119,-121.702
NZEZ6,12/11/13,38.0847,-121.738
NZEZ2,1/10/14,38.1397,-121.6908
NZEZ6,1/10/14,38.0845,-121.7391
NZEZ2,2/10/14,38.1068,-121.7173
NZEZ6,2/10/14,38.0845,-121.7391
NZEZ2,3/10/14,38.0582,-121.8693
NZEZ6,3/10/14,38.0463,-121.9183
NZEZ2,4/9/14,38.0604,-121.7998
NZEZ6,4/9/14,38.0487,-121.8819
NZEZ2,5/9/14,38.0845,-121.7391
NZEZ6,5/9/14,38.0625,-121.8205
NZEZ2SJR,6/4/14,38.0753,-121.6777
NZEZ6SJR,6/4/14,38.0284,-121.7513
NZEZ2,6/6/14,38.1125,-121.7081
NZEZ6,6/6/14,38.0845,-121.7391
NZEZ2SJR,7/2/14,38.0701,-121.6769
NZEZ6SJR,7/2/14,38.0216,-121.8063
NZEZ2,7/7/14,38.1012,-121.726
NZEZ6,7/7/14,38.0653,-121.7893
NZEZ2SJR,8/14/14,38.0541,-121.6885
NZEZ6SJR,8/14/14,38.0259,-121.7809
NZEZ2,8/19/14,38.1082,-121.7164
NZEZ6,8/19/14,38.0845,-121.7391
NZEZ2SJR,9/15/14,38.0576,-121.6815
NZEZ6SJR,9/15/14,38.0216,-121.8063
NZEZ2,9/18/14,38.1231,-121.6987
NZEZ6,9/18/14,38.0845,-121.7391
NZEZ2SJR,10/1/14,38.0688,-121.6778
NZEZ6SJR,10/1/14,38.0272,-121.7432
NZEZ2,10/3/14,38.1341,-121.6943
NZEZ6,10/3/14,38.0845,-121.7391
NZEZ2SJR,11/12/14,38.0563,-121.6841
NZEZ6SJR,11/12/14,38.0284,-121.7692
NZEZ2,11/14/14,38.1311,-121.6951
NZEZ6,11/14/14,38.0845,-121.7391
NZEZ2,12/17/14,38.0556,-121.8762
NZEZ6,12/17/14,38.0463,-121.9183
NZEZ2,1/16/15,38.0845,-121.7391
NZEZ6,1/16/15,38.0618,-121.7911
NZEZ2,2/13/15,38.0625,-121.8565
NZEZ6,2/13/15,38.0463,-121.9183
NZEZ2,3/13/15,38.0845,-121.7391
NZEZ6,3/13/15,38.0625,-121.8205
NZEZ2SJR,4/9/15,38.0482,-121.6932
NZEZ6SJR,4/9/15,38.0216,-121.8063
NZEZ2,4/13/15,38.1185,-121.701
NZEZ6,4/13/15,38.0747,-121.7692
NZEZ2,5/13/15,38.1223,-121.6996
NZEZ6,5/13/15,38.0845,-121.7391
NZEZ2SJR,6/8/15,38.0695,-121.6769
NZEZ6SJR,6/8/15,38.0281,-121.7473
NZEZ2,6/10/15,38.1159,-121.706
NZEZ6,6/10/15,38.0845,-121.7391
NZEZ2SJR,7/8/15,38.0969,-121.6691
NZEZ6SJR,7/8/15,38.0274,-121.744
NZEZ2,7/10/15,38.1407,-121.6911
NZEZ6,7/10/15,38.0845,-121.7391
NZEZ2SJR,8/19/15,38.0969,-121.6691
NZEZ6SJR,8/19/15,38.024,-121.7925
NZEZ2,8/25/15,38.1123,-121.7091
NZEZ6,8/25/15,38.0831,-121.7541
NZEZ2SJR,9/17/15,38.0871,-121.6463
NZEZ6SJR,9/17/15,38.0324,-121.7241
NZEZ2,9/22/15,38.1642,-121.679
NZEZ6,9/22/15,38.1216,-121.699
NZEZ2,10/21/15,38.1412,-121.6912
NZEZ6,10/21/15,38.0997,-121.7218
NZEZ2SJR,10/27/15,,
NZEZ6SJR,10/27/15,,
NZEZ2SJR,11/2/15,38.067,-121.6767
NZEZ6SJR,11/2/15,38.0275,-121.7475
NZEZ2,11/4/15,38.1387,-121.6924
NZEZ6,11/4/15,38.0845,-121.7391
NZEZ2SJR,12/2/15,38.0969,-121.6691
NZEZ6SJR,12/2/15,38.0303,-121.7339
NZEZ2,12/4/15,38.1607,-121.683
NZEZ6,12/4/15,38.1257,-121.6973
NZEZ2SJR,1/4/16,38.0691,-121.6783
NZEZ6SJR,1/4/16,38.0325,-121.7266
NZEZ2,1/6/16,38.1381,-121.6937
NZEZ6,1/6/16,38.1126,-121.7104
NZEZ2,2/3/16,38.055,-121.953
NZEZ6,2/3/16,38.0599,-121.99
NZEZ2,3/4/16,38.0751,-121.7695
NZEZ6,3/4/16,38.0625,-121.8205
NZEZ2,4/15/16,38.0607,-122.0013
NZEZ6,4/15/16,38.0661,-122.0435
NZEZ2,5/13/16,38.0625,-121.8205
NZEZ6,5/13/16,38.0463,-121.9183
NZEZ2,6/13/16,38.0642,-121.7923
NZEZ6,6/13/16,38.0594,-121.8672
NZEZ2,7/13/16,38.0655,-121.7891
NZEZ6,7/13/16,38.064,-121.8592
NZEZ2SJR,8/8/16,38.0227,-121.7988
NZEZ2,8/10/16,38.0608,-121.7982
NZEZ6,8/10/16,38.0639,-121.8585
NZEZ2,9/12/16,38.0845,-121.7391
NZEZ6,9/12/16,38.0631,-121.7933
NZEZ2SJR,10/20/16,38.0479,-121.6937
NZEZ6SJR,10/20/16,38.0216,-121.8063
NZEZ2,10/24/16,38.1279,-121.6965
NZEZ6,10/24/16,38.0845,-121.7391
NZEZ2SJR,11/3/16,38.0565,-121.685
NZEZ6SJR,11/3/16,38.0244,-121.795
NZEZ2,11/7/16,38.1045,-121.7206
NZEZ6,11/7/16,38.0674,-121.7842
NZEZ2SJR,12/8/16,38.0499,-121.6928
NZEZ2,12/9/16,38.0913,-121.7384
NZEZ6,12/9/16,38.0711,-121.7781
NZEZ2,1/11/17,38.0372,-122.1643
NZEZ6,1/11/17,38.0584,-122.1845
NZEZ2,2/10/17,38.0652,-122.2427
NZEZ6,2/10/17,38.0633,-122.2721
NZEZ2,3/10/17,38.0401,-122.1268
NZEZ6,3/10/17,38.0285,-122.1601
NZEZ6,4/7/17,38.0508,-122.09
NZEZ6,5/22/17,38.0583,-122.0696
NZEZ2,6/19/17,38.0534,-121.9406
NZEZ6,6/19/17,38.0599,-121.99
NZEZ2,7/18/17,38.0589,-121.8688
NZEZ6,7/18/17,38.0529,-121.9404
NZEZ2,8/16/17,38.0648,-121.8347
NZEZ6,8/16/17,38.0463,-121.9183
NZEZ2,9/14/17,38.0628,-121.8578
NZEZ6,9/14/17,38.0552,-121.9473
NZEZ2,10/12/17,38.0625,-121.8178
NZEZ6,10/12/17,38.0486,-121.9034
NZEZ2,11/9/17,38.0803,-121.76
NZEZ6,11/9/17,38.0625,-121.8205
NZEZ2,12/8/17,38.082,-121.7557
NZEZ6,12/8/17,38.0625,-121.8205
NZEZ2SJR,12/11/17,38.0279,-121.7481
NZEZ2,1/5/18,38.0855,-121.7489
NZEZ6,1/5/18,38.0663,-121.7855
NZEZ2SJR,1/8/18,38.0472,-121.6944
NZEZ6SJR,1/8/18,38.022,-121.8069
NZEZ2,2/8/18,38.0622,-121.8208
NZEZ6,2/8/18,38.0523,-121.883
NZEZ2,3/14/18,38.0705,-121.7786
NZEZ6,3/14/18,38.0645,-121.8354
NZEZ2,4/11/18,38.0647,-122.0349
NZEZ6,4/11/18,38.066,-122.0501
NZEZ2,5/10/18,38.0485,-121.8947
NZEZ6,5/10/18,38.056,-121.9537
NZEZ2,6/8/18,38.0607,-121.8605
NZEZ6,6/8/18,38.0479,-121.9282
NZEZ2,7/10/18,38.0662,-121.7871
NZEZ6,7/10/18,38.0594,-121.8665
NZEZ2SJR,7/19/18,38.0262,-121.7792
NZEZ2SJR,8/3/18,38.0213,-121.8064
NZEZ2,8/7/18,38.067,-121.7816
NZEZ6,8/7/18,38.0622,-121.8586
NZEZ2,9/13/18,38.0864,-121.7468
NZEZ6,9/13/18,38.0648,-121.8327
NZEZ2SJR,9/14/18,38.0363,-121.706
NZEZ2,10/12/18,38.1006,-121.726917
NZEZ6,10/12/18,38.07755,-121.7634
NZEZ2SJR,10/15/18,38.0523,-121.69015
NZEZ6SJR,10/15/18,38.0212,-121.80683
NZEZ2,11/20/18,38.1574,-121.6852
NZEZ6,11/20/18,38.1241,-121.6988
NZEZ2,12/11/18,38.0971,-121.7398
NZEZ6,12/11/18,38.061,-121.8028
NZEZ2SJR,12/12/18,38.0476,-121.6935
NZEZ2,1/10/19,38.0611,-121.8118
NZEZ6,1/10/19,38.0544,-121.8783
NZEZ2,2/21/19,38.0375,-122.1653
NZEZ6,2/21/19,38.0552,-122.1888
NZEZ2,3/15/19,38.0512,-122.0917
NZEZ6,3/15/19,38.0501,-122.0973
NZEZ2,4/15/19,38.0552,-122.0753
NZEZ6,4/15/19,38.0509,-122.0899
NZEZ2,5/14/19,38.0615,-122.0644
NZEZ6,5/14/19,38.0581,-122.0735
NZEZ2,6/11/19,38.0614,-122.0181
NZEZ6,6/11/19,38.0611,-122.0525
NZEZ2,7/11/19,38.0483,-121.8857
NZEZ6,7/11/19,38.057992,-121.99
NZEZ2SJR,8/6/19,38.022825,-121.7934383
NZEZ2,8/8/19,38.0627,-121.8167
NZEZ6,8/8/19,38.04917333,-121.9144
NZEZ2,9/6/19,38.0473,-121.8948
NZEZ6,9/6/19,38.0588,-121.9733
NZEZ2,10/7/19,38.06452,-121.8448
NZEZ6,10/7/19,38.04868,-121.91683
NZEZ2,11/6/19,38.0721,-121.7759
NZEZ6,11/6/19,38.0651,-121.8351
NZEZ2SJR,12/4/19,38.048365,-121.69404
NZEZ6SJR,12/4/19,38.02215,-121.80324
NZEZ2,12/5/19,38.08959,-121.73796
NZEZ6,12/5/19,38.06985,-121.78013
NZEZ2,1/21/20,38.077759,-121.76523
NZEZ6,1/21/20,38.06237,-121.82613
NZEZ2SJR,2/13/20,38.021948,-121.807064
NZEZ2,2/18/20,38.060079,-121.80036
NZEZ6,2/18/20,38.059939,-121.86548
NZEZ2,3/4/20,38.07368,-121.773799
NZEZ6,3/4/20,38.060229,-121.80856
NZEZ2SJR,6/10/20,38.023519,-121.792511
NZEZ2,6/16/20,38.06143,-121.81368
NZEZ6,6/16/20,38.04806,-121.90425
NZEZ2SJR,7/9/20,38.029741,-121.734071
NZEZ2,7/14/20,38.06696,-121.783843
NZEZ6,7/14/20,38.064738,-121.834588
NZEZ2SJR,8/10/20,38.029611,-121.73094
NZEZ2,8/12/20,38.06248,-121.8205
NZEZ6,8/12/20,38.06248,-121.8205
NZEZ2SJR,9/8/20,38.03732,-121.705785
NZEZ2,9/10/20,38.077275,-121.765405
NZEZ6,9/10/20,38.065545,-121.838168
NZEZ2SJR,10/7/20,38.057063,-121.682638
NZEZ6SJR,10/7/20,38.023836,-121.790288
NZEZ2,10/9/20,38.104166,-121.720519
NZEZ6,10/9/20,38.074626,-121.770251
NZEZ2SJR,11/5/20,38.057883,-121.681983
NZEZ6SJR,11/5/20,38.027666,-121.771483
NZEZ2,11/9/20,38.126833,-121.697266
NZEZ6,11/9/20,38.077516,-121.764583
NZEZ2SJR,12/4/20,38.06115,-121.678678
NZEZ6SJR,12/4/20,38.02749,-121.773295
NZEZ2SJR,3/4/21,38.030686,-121.731283
NZEZ6SJR,3/4/21,38.021991,-121.808295
NZEZ2,3/8/21,38.09604,-121.7322
NZEZ6,3/8/21,38.061623,-121.79877
NZEZ2SJR,4/2/21,38.032085,-121.72593
NZEZ2,4/6/21,38.08507,-121.74816
NZEZ6,4/6/21,38.06419,-121.83295
NZEZ2SJR,5/4/21,38.031206,-121.729148
NZEZ6SJR,5/4/21,38.021786,-121.807883
NZEZ2,5/6/21,38.11237,-121.710003
NZEZ6,5/6/21,38.07082,-121.77607
NZEZ2SJR,6/2/21,38.068776,-121.676246
NZEZ6SJR,6/2/21,38.0276,-121.747466
NZEZ2,6/4/21,38.119466,-121.702505
NZEZ6,6/4/21,38.08346,-121.752523
NZEZ2SJR,7/15/21,38.07761,-121.67781
NZEZ6SJR,7/15/21,38.027831,-121.737378
NZEZ2,7/19/21,38.131068,-121.69534
NZEZ6,7/19/21,38.075715,-121.7693
NZEZ2SJR,8/13/21,38.05285,-121.69022
NZEZ6SJR,8/13/21,38.027165,-121.772003
NZEZ2,8/17/21,38.128043,-121.693155
NZEZ6,8/17/21,38.08646,-121.747308
NZEZ2SJR,9/13/21,38.04009,-121.701
NZEZ6SJR,9/13/21,38.021758,-121.805465
NZEZ2,9/14/21,38.122918,-121.698
NZEZ6,9/14/21,38.08508,-121.75202
NZEZ2SJR,10/14/21,38.08708,-121.64324
NZEZ6SJR,10/14/21,38.029127,-121.73276
NZEZ2,10/22/21,38.139115,-121.691355
NZEZ6,10/22/21,38.10786,-121.716202
NZEZ2SJR,11/9/21,38.029807,-121.735195
NZEZ6,11/12/21,38.060182,-121.805898
NZEZ2,11/12/21,38.098425,-121.729988
NZEZ6SJR,12/9/21,38.03,-121.720873
NZEZ2SJR,12/9/21,38.046747,-121.694932
NZEZ6,12/13/21,38.120932,-121.701958
NZEZ6,1/11/22,38.04879,-121.919
NZEZ2,1/11/22,38.05454,-121.8735
NZEZ2SJR,2/8/22,38.02171,-121.808
NZEZ2,2/10/22,38.07042,-121.7786
NZEZ6,2/10/22,38.06338,-121.8273
NZEZ6,3/14/22,38.06513,-121.841
NZEZ2,3/14/22,38.06797,-121.7822
NZEZ2SJR,4/21/22,38.02814,-121.7371
NZEZ6SJR,4/21/22,38.02617,-121.7781
NZEZ6,4/25/22,38.0657,-121.835
NZEZ2,4/25/22,38.08703,-121.747
NZEZ2SJR,5/20/22,38.05489,-121.6872
NZEZ6SJR,5/20/22,38.02782,-121.7606
NZEZ2,5/24/22,38.10754,-121.7149
NZEZ6,5/24/22,38.06919,-121.779
NZEZ2SJR,6/21/22,38.04785,-121.6959
NZEZ6SJR,6/21/22,38.02476,-121.7916
NZEZ2,6/23/22,38.11555,-121.7069
NZEZ6,6/23/22,38.08978,-121.7421
NZEZ6SJR,7/19/22,38.02132,-121.807
NZEZ2SJR,7/19/22,38.03501,-121.7083
NZEZ6,7/21/22,38.06209,-121.817
NZEZ2,7/21/22,38.09494,-121.735
NZEZ6SJR,8/16/22,38.02442,-121.793
NZEZ2SJR,8/16/22,38.04419,-121.6963
NZEZ6,8/18/22,38.08031,-121.759
NZEZ2,8/18/22,38.10682,-121.7166
NZEZ6,9/30/22,38.08642,-121.747
NZEZ2,9/30/22,38.1283,-121.6961
NZEZ2SJR,10/13/22,38.07847,-121.678
NZEZ6SJR,10/13/22,38.02796,-121.7621
NZEZ6,10/17/22,38.08693,-121.747
NZEZ2,10/17/22,38.13119,-121.6948
NZEZ2SJR,11/14/22,38.05247,-121.6896
NZEZ6SJR,11/14/22,38.02544,-121.7816
NZEZ6,11/16/22,38.08693,-121.747
NZEZ2,11/16/22,38.12801,-121.6957
NZEZ6SJR,12/13/22,38.02167,-121.809
NZEZ2SJR,12/13/22,38.05183,-121.6907
NZEZ6,12/15/22,38.06354,-121.821
NZEZ2,12/15/22,38.08671,-121.746
NZEZ2,2/16/23,38.04766,-121.9199
NZEZ6,2/16/23,38.05118,-121.9336
NZEZ2,3/20/23,38.03246,-122.1536
NZEZ2,4/17/23,38.06051,-122.068
NZEZ6,4/17/23,38.04882,-122.1024
NZEZ6,5/16/23,38.05576,-122.1102
NZEZ2,5/16/23,38.04985,-122.0987
NZEZ6,6/13/23,38.0463,-122.122
NZEZ2,7/14/23,38.06518,-121.8363
NZEZ6,7/14/23,38.05243,-121.937
NZEZ2,8/11/23,38.06216,-121.7966
NZEZ6,8/11/23,38.05276,-121.8764
NZEZ2SJR,9/5/23,38.02177,-121.8083
NZEZ6,9/8/23,38.04835,-121.9027
NZEZ2,9/8/23,38.06401,-121.8219
NZEZ2,10/6/23,38.06114,-121.806
NZEZ6,10/6/23,38.05969,-121.8698
NZEZ6,11/7/23,38.06235,-121.8169
NZEZ2,11/7/23,38.07824,-121.7654
NZEZ6SJR,12/4/23,38.02171,-121.8073
NZEZ2SJR,12/4/23,38.04548,-121.6952
NZEZ2,12/6/23,38.12078,-121.7008
NZEZ6,12/6/23,38.07955,-121.7616